{
  "lr": 0.00020463006990544105,
  "optimizer": "adamw",
  "momentum": 0.9847222170140727,
  "weight_decay": 5.1706663992864336e-05,
  "layer_size": 256,
  "initial_dropout_rate": 0.44906445341545104,
  "max_dropout_rate": 0.5817317574870358,
  "batch_size": 64,
  "epochs": 200,
  "lr_patience": 9,
  "lr_factor": 0.10761661990221878
}